{
  "project_info": {
    "project_number": "756340711222",
    "firebase_url": "https://pocketpapa-c7152.firebaseio.com",
    "project_id": "pocketpapa-c7152",
    "storage_bucket": "pocketpapa-c7152.appspot.com"
  },
  "client": [
    {
      "client_info": {
        "mobilesdk_app_id": "1:756340711222:android:a7f58d780fac93467a9d97",
        "android_client_info": {
          "package_name": "com.example.pocketpapa"
        }
      },
      "oauth_client": [
        {
          "client_id": "756340711222-fficbrnbsjjiu9ntv9upselp1cunp8gb.apps.googleusercontent.com",
          "client_type": 1,
          "android_info": {
            "package_name": "com.example.pocketpapa",
            "certificate_hash": "66bfe0e846961f6796cce686c55e0cdc8d4bd593"
          }
        },
        {
          "client_id": "756340711222-o0il5l49jt9ft0ne1e5de8bskr6n3g1h.apps.googleusercontent.com",
          "client_type": 3
        }
      ],
      "api_key": [
        {
          "current_key": "AIzaSyBgPm-ZNiJwnm9lWzpGIc59u_a0JoLB7MA"
        }
      ],
      "services": {
        "appinvite_service": {
          "other_platform_oauth_client": [
            {
              "client_id": "756340711222-o0il5l49jt9ft0ne1e5de8bskr6n3g1h.apps.googleusercontent.com",
              "client_type": 3
            }
          ]
        }
      }
    }
  ],
  "configuration_version": "1"
}